INSERT INTO `authors` (`id`, `apellido`, `primer_nombre`, `segundo_nombre`) VALUES
(3,	'Bartholomew',	'Mel',	NULL),
(4,	'INTA',	'Instituto Nacional de Tecnología Agropecuaria',	NULL),
(5,	'Parés',	'Gonzalo',	NULL),
(6,	'Cano',	'Antonio',	'Urdiales');

INSERT INTO `sources` (`id`, `otros`, `url`, `titulo`, `acceso`, `anio`, `nombre_revista`, `capitulo`, `contenido`, `edicion`, `editorial`, `nombre_pag`, `numero`, `pag_fin`, `pag_inicio`, `red_social`, `tipo`, `tipo_cont`, `usuario`, `volumen`) VALUES
(9,	'',	NULL,	'All new square foot gardening : more projects, new solutions, grow vegetables anywhere',	NULL,	'2018',	'',	'',	'',	3,	'Cool Springs Press',	'',	NULL,	NULL,	NULL,	NULL,	'LI',	'',	'',	NULL),
(19,	'',	'http://prohuerta.inta.gob.ar/wp-content/uploads/2020/03/Planificador-PH-imprimir-2020-baja.pdf',	'Planificador de Siembra Prohuerta',	'2021-01-11',	'',	NULL,	NULL,	NULL,	NULL,	'',	'ProHuerta | Programa del Ministerio de Desarrollo Social de la Nación e INTA',	NULL,	NULL,	NULL,	NULL,	'PW',	NULL,	NULL,	NULL),
(23,	'Colección Permacultura',	'https://permacultura.com.ar/producto/intercultivos/',	'Intercultivos',	NULL,	'',	NULL,	NULL,	NULL,	NULL,	'',	NULL,	NULL,	NULL,	NULL,	NULL,	'LI',	NULL,	NULL,	3);

INSERT INTO `authors_sources` (`id`, `orden`, `author_id`, `source_id`) VALUES
(18,	1,	3,	9),
(20,	1,	5,	19),
(22,	1,	6,	23);

INSERT INTO `seasons` (`id`, `tipo`, `desde_mes`, `hasta_mes`, `desde_dia`, `hasta_dia`) VALUES
(18,	'AL',	'1',	'12',	0,	0),
(51,	'AL',	'7',	'10',	0,	0),
(44,	'AL',	'7',	'8',	0,	0),
(85,	'AL',	'7',	'9',	0,	0),
(26,	'AL',	'8',	'1',	0,	0),
(56,	'AL',	'8',	'8',	0,	0),
(93,	'AL',	'9',	'10',	0,	0),
(22,	'CO',	'1',	'12',	0,	0),
(60,	'CO',	'1',	'4',	0,	0),
(58,	'CO',	'1',	'5',	0,	0),
(96,	'CO',	'10',	'1',	0,	0),
(74,	'CO',	'10',	'12',	0,	0),
(25,	'CO',	'11',	'1',	0,	0),
(24,	'CO',	'11',	'12',	0,	0),
(28,	'CO',	'11',	'4',	0,	0),
(63,	'CO',	'12',	'2',	0,	0),
(30,	'CO',	'12',	'4',	0,	0),
(52,	'CO',	'2',	'5',	0,	0),
(87,	'CO',	'3',	'11',	0,	0),
(35,	'CO',	'4',	'5',	0,	0),
(62,	'CO',	'6',	'8',	0,	0),
(81,	'CO',	'7',	'10',	0,	0),
(33,	'CO',	'7',	'11',	0,	0),
(75,	'CO',	'8',	'10',	0,	0),
(92,	'CO',	'8',	'12',	0,	0),
(31,	'CO',	'8',	'9',	0,	0),
(79,	'CO',	'9',	'12',	0,	0),
(55,	'CO',	'11',	'1',	2,	1),
(19,	'SI',	'1',	'12',	0,	0),
(83,	'SI',	'1',	'2',	0,	0),
(80,	'SI',	'1',	'4',	0,	0),
(90,	'SI',	'12',	'4',	0,	0),
(84,	'SI',	'2',	'3',	0,	0),
(54,	'SI',	'2',	'4',	0,	0),
(86,	'SI',	'2',	'5',	0,	0),
(20,	'SI',	'2',	'6',	0,	0),
(61,	'SI',	'3',	'12',	0,	0),
(23,	'SI',	'3',	'5',	0,	0),
(64,	'SI',	'3',	'6',	0,	0),
(32,	'SI',	'3',	'8',	0,	0),
(66,	'SI',	'3',	'6',	0,	21),
(76,	'SI',	'4',	'5',	0,	0),
(91,	'SI',	'5',	'11',	0,	0),
(69,	'SI',	'7',	'8',	0,	0),
(89,	'SI',	'8',	'10',	0,	0),
(21,	'SI',	'8',	'12',	0,	0),
(73,	'SI',	'8',	'9',	0,	0),
(57,	'SI',	'9',	'1',	0,	0),
(53,	'SI',	'9',	'10',	0,	0),
(27,	'SI',	'9',	'11',	0,	0),
(88,	'SI',	'9',	'12',	0,	0),
(29,	'SI',	'9',	'3',	0,	0),
(65,	'SI',	'9',	'12',	21,	21),
(94,	'TR',	'2',	'4',	0,	0),
(72,	'TR',	'2',	'6',	0,	0),
(78,	'TR',	'3',	'6',	0,	0),
(67,	'TR',	'3',	'6',	0,	21),
(77,	'TR',	'4',	'5',	0,	0),
(70,	'TR',	'7',	'8',	0,	0),
(71,	'TR',	'8',	'12',	0,	0),
(59,	'TR',	'9',	'1',	0,	0),
(82,	'TR',	'9',	'10',	0,	0),
(95,	'TR',	'9',	'11',	0,	0),
(68,	'TR',	'9',	'12',	21,	21);

INSERT INTO `families` (`id`, `nombre_popular`, `nombre_cientifico`) VALUES
(1,	'Umbelíferas',	'Apiaceae'),
(2,	'Compuesta',	'Asteraceae'),
(3,	'Crucíferas',	'Brassicaceae'),
(4,	'Solanáceas',	'Solanaceae'),
(5,	'Cucurbitáceas',	'Cucurbitaceae'),
(6,	'Gramíneas',	'Poaceae'),
(7,	'Leguminosas',	'Fabaceae'),
(8,	NULL,	'Amaranthaceae'),
(9,	'Alliáceas',	'Allioideae'),
(10,	'Labiadas',	'Lamiaceae'),
(11,	'Rosáceas',	'Rosaceae'),
(12,	'tropeoláceas',	'Tropaeolaceae'),
(13,	'Convolvuláceas',	'Convolvulaceae');

INSERT INTO `types` (`id`, `nombre`) VALUES
(1,	'FR'),
(2,	'FL'),
(3,	'HO'),
(4,	'RA');

INSERT INTO `plants` (`id`, `nombre_popular`, `nombre_cientifico`, `family_id`, `variedad`, `type_id`) VALUES
(1,	'Zanahoria',	'Daucus carota',	1,	NULL,	4),
(2,	'Lechuga',	'Lactuca',	2,	NULL,	3),
(3,	'Acelga',	'Beta vulgaris',	8,	NULL,	3),
(4,	'Albahaca',	'Ocimum basilicum',	10,	NULL,	2),
(5,	'Ajo',	'Allium sativun',	9,	NULL,	4),
(6,	'Apio',	'Apium graveolens',	1,	NULL,	2),
(7,	'Arveja',	'Pisum sativum',	7,	NULL,	1),
(8,	'Berenjena',	NULL,	4,	NULL,	1),
(9,	'Brócoli',	NULL,	3,	NULL,	2),
(10,	'Coliflor',	NULL,	3,	NULL,	2),
(11,	'Cebolla',	NULL,	9,	NULL,	4),
(12,	'Cebolla de verdeo',	NULL,	9,	NULL,	3),
(13,	'Chaucha enana',	NULL,	7,	'Enana',	1),
(14,	'Maíz',	NULL,	6,	NULL,	1),
(15,	'Espárrago',	NULL,	9,	NULL,	4),
(16,	'Espinaca',	NULL,	8,	NULL,	3),
(17,	'Frutilla',	'Fragaria',	11,	NULL,	1),
(18,	'Haba',	NULL,	7,	NULL,	1),
(19,	'Hinojo',	NULL,	1,	NULL,	2),
(21,	'Escarola',	NULL,	2,	NULL,	3),
(22,	'Melón',	NULL,	5,	NULL,	1),
(23,	'Sandía',	NULL,	5,	NULL,	1),
(24,	'Papa',	NULL,	4,	NULL,	4),
(25,	'Pepino',	NULL,	5,	NULL,	1),
(26,	'Perejil',	NULL,	1,	NULL,	2),
(27,	'Pimiento',	NULL,	4,	NULL,	1),
(28,	'Puerro',	NULL,	9,	NULL,	2),
(29,	'Rabanito',	'Raphanus Satibum',	3,	NULL,	4),
(30,	'Radicheta',	NULL,	2,	NULL,	3),
(31,	'Remolacha',	NULL,	8,	NULL,	4),
(32,	'Repollo',	NULL,	3,	NULL,	2),
(33,	'Rúcula',	NULL,	3,	NULL,	3),
(34,	'Tomate',	NULL,	4,	NULL,	1),
(35,	'Zapallo',	NULL,	5,	NULL,	1),
(36,	'Cayote',	NULL,	5,	NULL,	1),
(37,	'Zapallito',	NULL,	5,	NULL,	1),
(38,	'Zuccini',	NULL,	5,	NULL,	1),
(39,	'Caléndula',	NULL,	2,	NULL,	2),
(40,	'Taco de Reina',	NULL,	11,	NULL,	2),
(41,	'Morrón',	NULL,	4,	NULL,	1),
(42,	'Manzanila',	NULL,	NULL,	NULL,	2),
(43,	'Choclo',	NULL,	6,	NULL,	1),
(44,	'Batata',	NULL,	13,	NULL,	4),
(45,	'Ajenjo',	'Artemisia absinthium',	2,	NULL,	3),
(46,	'Copete',	NULL,	NULL,	NULL,	2),
(50,	'Maní',	NULL,	NULL,	NULL,	1),
(51,	'Poroto',	NULL,	NULL,	NULL,	1),
(52,	'Cardo blanco',	NULL,	2,	NULL,	1),
(53,	'Alcaucil',	NULL,	NULL,	NULL,	2),
(54,	'Romero',	NULL,	NULL,	NULL,	2),
(55,	'Salvia',	NULL,	NULL,	NULL,	2),
(56,	'Tabaco',	NULL,	NULL,	NULL,	3),
(57,	'Borraja',	NULL,	NULL,	NULL,	2),
(59,	'Romanesco',	NULL,	3,	NULL,	2),
(60,	'Pak Choi',	NULL,	NULL,	NULL,	3),
(61,	'Col China',	NULL,	NULL,	NULL,	3),
(62,	'Mizuna',	NULL,	NULL,	NULL,	3),
(63,	'Limón',	NULL,	NULL,	NULL,	1),
(64,	'Nabo',	NULL,	NULL,	NULL,	4),
(65,	'Quinoa del llano',	NULL,	NULL,	NULL,	1),
(67,	'Repollo colorado',	NULL,	NULL,	NULL,	3),
(68,	'Kale',	NULL,	NULL,	NULL,	3),
(70,	'Achicoria',	'Chicorium intibus',	2,	NULL,	3),
(71,	'Chaucha de rama',	NULL,	NULL,	NULL,	1),
(72,	'Chayote',	'Sechium edule',	NULL,	NULL,	1),
(73,	'Grosella',	'Rives Sativum',	NULL,	NULL,	3),
(74,	'Colinabo',	'Brassica napobrassica',	NULL,	NULL,	4),
(75,	'Anís',	NULL,	NULL,	NULL,	1),
(76,	'Ajedra',	'Satureja spp.',	10,	NULL,	3),
(77,	'Rosal',	NULL,	NULL,	NULL,	2),
(78,	'Frutas',	NULL,	NULL,	NULL,	1),
(79,	'Col',	NULL,	NULL,	NULL,	3),
(80,	'Frambuesa',	NULL,	NULL,	NULL,	1),
(81,	'Vicia',	NULL,	NULL,	NULL,	3),
(82,	'Artemisa',	'Artemisia vulgaris',	2,	NULL,	3);

INSERT INTO `data_sheets` (`id`, `volumen_maceta_ltr`, `profundidad_cm`, `tamano`, `horas_sol_min`, `horas_sol_max`, `riego`, `tutorado`, `plant_id`, `distancia_max_cm`, `temperatura_max`, `temperatura_min`, `tolera_sombra`, `distancia_min_cm`, `tiempo_cultivo_min_dias`, `tiempo_cultivo_max_dias`, `fecundacion`, `aporque`) VALUES
(2,	2,	25,	'S',	NULL,	NULL,	NULL,	0,	1,	NULL,	NULL,	NULL,	0,	NULL,	150,	180,	'CR',	0),
(3,	4,	15,	'M',	20,	4,	'2xD',	0,	2,	20,	NULL,	NULL,	1,	15,	60,	90,	'AU',	0),
(4,	4,	15,	'M',	4,	NULL,	'2xD',	0,	3,	20,	NULL,	NULL,	1,	15,	60,	80,	'CR',	0),
(5,	40,	40,	'L',	25,	5,	NULL,	0,	37,	100,	NULL,	NULL,	0,	80,	90,	100,	'CR',	0),
(6,	NULL,	NULL,	NULL,	NULL,	NULL,	NULL,	0,	5,	15,	NULL,	NULL,	0,	10,	250,	270,	'CR',	0),
(7,	NULL,	NULL,	NULL,	NULL,	NULL,	NULL,	0,	4,	25,	NULL,	NULL,	1,	20,	80,	100,	'CR',	0),
(8,	NULL,	NULL,	NULL,	NULL,	NULL,	NULL,	0,	6,	25,	NULL,	NULL,	1,	20,	120,	150,	'CR',	0),
(9,	NULL,	NULL,	NULL,	NULL,	NULL,	NULL,	1,	7,	10,	NULL,	NULL,	1,	5,	NULL,	NULL,	'AU',	0),
(10,	NULL,	NULL,	NULL,	NULL,	NULL,	NULL,	0,	44,	40,	NULL,	NULL,	0,	30,	250,	270,	'CR',	0),
(11,	NULL,	NULL,	NULL,	NULL,	NULL,	NULL,	1,	8,	50,	NULL,	NULL,	0,	40,	150,	180,	'CR',	0),
(12,	NULL,	NULL,	NULL,	NULL,	NULL,	NULL,	0,	9,	50,	NULL,	NULL,	0,	40,	250,	270,	'CR',	0),
(13,	NULL,	NULL,	NULL,	NULL,	NULL,	NULL,	0,	11,	15,	NULL,	NULL,	0,	10,	250,	270,	'CR',	0),
(14,	NULL,	NULL,	NULL,	NULL,	NULL,	NULL,	1,	36,	150,	NULL,	NULL,	1,	100,	150,	180,	'CR',	0),
(15,	NULL,	NULL,	NULL,	NULL,	NULL,	NULL,	0,	12,	15,	NULL,	NULL,	1,	10,	250,	270,	'CR',	0),
(16,	NULL,	NULL,	NULL,	NULL,	NULL,	NULL,	0,	43,	35,	NULL,	NULL,	0,	30,	100,	130,	'CR',	1),
(17,	NULL,	NULL,	NULL,	NULL,	NULL,	NULL,	0,	10,	50,	NULL,	NULL,	0,	40,	250,	270,	'CR',	1),
(18,	NULL,	NULL,	NULL,	NULL,	NULL,	NULL,	0,	13,	30,	NULL,	NULL,	0,	20,	90,	120,	'AU',	1),
(19,	NULL,	NULL,	NULL,	NULL,	NULL,	NULL,	0,	21,	21,	NULL,	NULL,	1,	15,	60,	90,	'AU',	0),
(20,	NULL,	NULL,	NULL,	NULL,	NULL,	NULL,	0,	15,	30,	NULL,	NULL,	0,	25,	1460,	NULL,	'CR',	1),
(21,	NULL,	NULL,	NULL,	NULL,	NULL,	NULL,	0,	16,	10,	NULL,	NULL,	1,	5,	80,	90,	'CR',	0),
(22,	NULL,	NULL,	NULL,	NULL,	NULL,	NULL,	0,	17,	30,	NULL,	NULL,	0,	25,	150,	180,	NULL,	0),
(23,	NULL,	NULL,	NULL,	NULL,	NULL,	NULL,	0,	18,	30,	NULL,	NULL,	0,	25,	NULL,	NULL,	'AU',	0),
(24,	NULL,	NULL,	NULL,	NULL,	NULL,	NULL,	0,	19,	50,	NULL,	NULL,	0,	30,	150,	180,	'CR',	1),
(25,	NULL,	NULL,	NULL,	NULL,	NULL,	NULL,	1,	22,	90,	NULL,	NULL,	0,	80,	130,	180,	'CR',	0),
(26,	NULL,	NULL,	NULL,	NULL,	NULL,	NULL,	0,	24,	30,	NULL,	NULL,	0,	20,	120,	150,	NULL,	1),
(27,	NULL,	NULL,	NULL,	NULL,	NULL,	NULL,	1,	25,	70,	NULL,	NULL,	0,	60,	100,	130,	'CR',	0),
(28,	NULL,	NULL,	NULL,	NULL,	NULL,	NULL,	0,	26,	NULL,	NULL,	NULL,	1,	NULL,	60,	90,	'CR',	0),
(29,	NULL,	NULL,	NULL,	NULL,	NULL,	NULL,	1,	27,	50,	NULL,	NULL,	1,	40,	180,	200,	'AU',	0),
(30,	NULL,	NULL,	NULL,	NULL,	NULL,	NULL,	0,	28,	10,	NULL,	NULL,	1,	5,	120,	150,	'CR',	1),
(31,	NULL,	NULL,	NULL,	NULL,	NULL,	NULL,	0,	29,	NULL,	NULL,	NULL,	0,	5,	30,	40,	'CR',	0),
(32,	NULL,	NULL,	NULL,	NULL,	NULL,	NULL,	0,	30,	NULL,	NULL,	NULL,	1,	NULL,	80,	100,	'AU',	0),
(33,	NULL,	NULL,	NULL,	NULL,	NULL,	NULL,	0,	31,	10,	NULL,	NULL,	0,	8,	100,	130,	'CR',	0),
(34,	NULL,	NULL,	NULL,	NULL,	NULL,	NULL,	0,	38,	100,	NULL,	NULL,	1,	80,	90,	100,	'CR',	0),
(35,	NULL,	NULL,	NULL,	NULL,	NULL,	NULL,	1,	35,	150,	NULL,	NULL,	0,	100,	150,	180,	'CR',	0),
(36,	NULL,	NULL,	NULL,	NULL,	NULL,	NULL,	1,	34,	40,	NULL,	NULL,	0,	20,	120,	150,	'AU',	1),
(37,	NULL,	NULL,	NULL,	NULL,	NULL,	NULL,	1,	23,	90,	NULL,	NULL,	0,	80,	130,	180,	'CR',	0),
(38,	NULL,	NULL,	NULL,	NULL,	NULL,	NULL,	1,	32,	50,	NULL,	NULL,	0,	40,	120,	150,	'CR',	1),
(39,	NULL,	NULL,	NULL,	NULL,	NULL,	NULL,	0,	70,	NULL,	NULL,	NULL,	0,	NULL,	NULL,	NULL,	NULL,	0),
(40,	NULL,	NULL,	NULL,	NULL,	NULL,	NULL,	0,	45,	NULL,	NULL,	NULL,	0,	NULL,	NULL,	NULL,	NULL,	0),
(41,	NULL,	NULL,	NULL,	NULL,	NULL,	NULL,	0,	76,	NULL,	NULL,	NULL,	0,	NULL,	NULL,	NULL,	NULL,	0);

INSERT INTO `substrates` (`id`, `tierra`, `potasio`, `nitrogeno`, `fosforo`) VALUES
(1,	'Suelto',	0,	0,	0);

INSERT INTO `data_sheets_seasons` (`id`, `data_sheet_id`, `season_id`) VALUES
(114,	2,	60),
(112,	2,	90),
(113,	2,	91),
(115,	2,	92),
(70,	3,	20),
(71,	3,	21),
(72,	3,	22),
(66,	3,	69),
(67,	3,	70),
(68,	3,	71),
(69,	3,	72),
(3,	4,	20),
(4,	4,	21),
(17,	4,	22),
(111,	5,	30),
(108,	5,	56),
(109,	5,	57),
(110,	5,	59),
(6,	6,	23),
(5,	6,	25),
(7,	7,	26),
(8,	7,	27),
(9,	7,	28),
(10,	8,	29),
(11,	8,	30),
(12,	8,	31),
(13,	9,	32),
(14,	9,	33),
(16,	10,	35),
(20,	10,	44),
(21,	11,	51),
(22,	11,	52),
(23,	12,	25),
(24,	12,	53),
(25,	12,	54),
(26,	13,	54),
(27,	13,	55),
(28,	14,	56),
(29,	14,	57),
(30,	14,	58),
(31,	15,	54),
(32,	15,	55),
(33,	16,	56),
(34,	16,	57),
(35,	16,	59),
(36,	16,	60),
(37,	17,	25),
(38,	17,	53),
(39,	17,	54),
(44,	18,	62),
(45,	18,	63),
(40,	18,	65),
(41,	18,	66),
(42,	18,	67),
(43,	18,	68),
(50,	19,	20),
(51,	19,	21),
(52,	19,	22),
(46,	19,	69),
(47,	19,	70),
(48,	19,	71),
(49,	19,	72),
(53,	20,	73),
(54,	20,	74),
(57,	21,	20),
(55,	21,	72),
(56,	21,	75),
(58,	22,	74),
(59,	22,	76),
(60,	22,	77),
(61,	23,	64),
(62,	23,	78),
(63,	23,	79),
(64,	24,	80),
(65,	24,	81),
(76,	25,	53),
(73,	25,	56),
(75,	25,	60),
(74,	25,	82),
(79,	26,	30),
(77,	26,	73),
(78,	26,	83),
(81,	27,	27),
(82,	27,	30),
(80,	27,	56),
(85,	28,	22),
(84,	28,	53),
(83,	28,	84),
(86,	29,	60),
(87,	29,	85),
(88,	30,	73),
(89,	30,	86),
(90,	30,	87),
(92,	31,	20),
(93,	31,	22),
(91,	31,	88),
(96,	32,	22),
(95,	32,	86),
(94,	32,	89),
(99,	33,	21),
(98,	33,	58),
(97,	33,	64),
(100,	33,	79),
(104,	34,	30),
(101,	34,	56),
(102,	34,	57),
(103,	34,	59),
(107,	35,	27),
(105,	35,	56),
(106,	35,	58),
(118,	36,	30),
(116,	36,	44),
(117,	36,	93),
(119,	37,	56),
(121,	37,	60),
(120,	37,	82),
(124,	38,	27),
(123,	38,	54),
(125,	38,	94),
(126,	38,	95),
(122,	38,	96);

INSERT INTO `data_sheets_sources` (`id`, `data_sheet_id`, `source_id`) VALUES
(38,	2,	19),
(27,	3,	19),
(9,	4,	9),
(8,	4,	19),
(43,	4,	23),
(10,	6,	19),
(47,	6,	23),
(11,	7,	19),
(12,	8,	19),
(13,	9,	19),
(33,	10,	19),
(14,	11,	19),
(15,	12,	19),
(16,	13,	19),
(17,	14,	19),
(18,	15,	19),
(19,	16,	19),
(20,	17,	19),
(21,	18,	19),
(22,	19,	19),
(23,	20,	19),
(24,	22,	19),
(25,	23,	19),
(26,	24,	19),
(28,	25,	19),
(32,	26,	19),
(31,	27,	19),
(30,	28,	19),
(29,	29,	19),
(34,	30,	19),
(35,	31,	19),
(36,	34,	19),
(37,	35,	19),
(39,	36,	19),
(40,	37,	19),
(41,	38,	19),
(44,	39,	23),
(45,	40,	23),
(46,	41,	23);

INSERT INTO `data_sheets_substrates` (`id`, `data_sheet_id`, `substrate_id`) VALUES
(3,	2,	1);

INSERT INTO `tips` (`id`, `contenido`, `source_id`, `titulo`) VALUES
(2,	'Cuando asome de la tierra',	19,	'Cosecha raíces'),
(3,	'Corte de tallos florales que se van secando',	19,	'Cosecha semilla acelga'),
(4,	'Junto varas florales antes de que se abran',	19,	'cosecha albahaca'),
(5,	'Dejo ir en vicio, corto cabezuelas (amarillento/amarronadas) antes de que pierdan semillas',	19,	'Cosecha semillas zanahoria'),
(6,	'Arranco plantas enteras con vainas pardo amarillentas',	19,	'Cosecha semillas arveja'),
(7,	'Corto cabezas florales cuando comienzan a abrirse los primeros capullos',	19,	'Cosecha semillas cebolla'),
(8,	'Dejar secar choclos en plantas. Descarto las semillas de la punta y base.',	19,	'Cosecha choclo'),
(9,	'Arranco plantas enteras amarillas',	19,	'Cosecha semilla brócoli'),
(10,	'Frutos amarillos o secos antes que abran',	19,	'Cosecha chaucha'),
(11,	'Corto planta entera cuando abren los panes',	19,	'Cosecha semilla escarola'),
(12,	'Corto tallos tiernos',	19,	'Cosecha esparrago'),
(13,	'Planta entera amarillenta',	19,	'Cosecha semilla espinaca'),
(14,	'Planta entera antes de la floración',	19,	'cosecha lechuga'),
(15,	'Fruto maduro, cabito seco',	19,	'Cosecha melón'),
(16,	'Saco semillas de frutos maduros, limpio por flotación',	19,	'Cosecha semillas melón'),
(17,	'Dejar madurar los frutos completamente',	19,	'cosecha semillas pepino'),
(18,	'Saco semillas de fruto maduro',	19,	'cosecha semilllas pimiento'),
(19,	'Corto cabitos florales cuando empiezan a abrir los primeros capullos',	19,	'cosecha semillas puerro'),
(20,	'Dejo ir en vicio, corto plantas enteras secas',	19,	'cosecha semillas rabanito'),
(21,	'Corto plantas enteras amarillentas',	19,	'cosecha semillas radicheta'),
(22,	'Corto tallos florales que se van secando',	19,	'cosecha remolacha'),
(23,	'Dejo fermentar semillas con pulpa, lavo y seco',	19,	'cosecha semillas tomate'),
(24,	'Chorrillo ralo',	19,	'Siembra zanahoria');

INSERT INTO `data_sheets_tips` (`id`, `data_sheet_id`, `tip_id`) VALUES
(2,	2,	2),
(31,	2,	5),
(30,	2,	24),
(16,	3,	14),
(4,	4,	3),
(29,	5,	17),
(5,	7,	4),
(6,	8,	5),
(7,	9,	6),
(8,	15,	7),
(9,	16,	8),
(10,	17,	9),
(11,	18,	10),
(12,	19,	11),
(13,	20,	12),
(14,	21,	13),
(15,	24,	5),
(18,	25,	15),
(17,	25,	16),
(19,	27,	17),
(20,	28,	5),
(21,	29,	18),
(22,	30,	19),
(23,	31,	20),
(24,	32,	21),
(25,	33,	22),
(26,	34,	17),
(27,	35,	17),
(28,	35,	23),
(33,	36,	17),
(32,	36,	23),
(35,	37,	15),
(34,	37,	16);

INSERT INTO `interactions` (`id`, `description`, `type`, `plant_id`) VALUES
(48,	'',	'F',	3),
(49,	'',	'P',	3),
(50,	'',	'F',	70),
(51,	'',	'P',	70),
(52,	'',	'F',	45),
(53,	'',	'P',	45),
(54,	'En márgenes ahuyenta al escarabajo del\r\nPoroto',	'F',	76),
(55,	'',	'F',	5),
(56,	'',	'P',	5);

INSERT INTO `interactions_plants` (`id`, `interaction_id`, `plant_id`) VALUES
(36,	48,	1),
(31,	48,	2),
(34,	48,	5),
(28,	48,	9),
(37,	48,	10),
(38,	48,	11),
(59,	48,	13),
(58,	48,	14),
(57,	48,	21),
(39,	48,	29),
(40,	48,	30),
(32,	48,	32),
(42,	48,	59),
(43,	48,	60),
(44,	48,	61),
(45,	48,	62),
(46,	48,	63),
(29,	48,	64),
(30,	48,	65),
(35,	48,	67),
(33,	48,	68),
(48,	49,	34),
(60,	49,	71),
(49,	50,	1),
(50,	50,	2),
(52,	50,	5),
(62,	50,	13),
(53,	50,	17),
(54,	50,	19),
(51,	50,	34),
(61,	51,	72),
(64,	52,	1),
(68,	52,	10),
(63,	52,	32),
(70,	52,	61),
(65,	52,	67),
(66,	52,	68),
(67,	52,	73),
(69,	52,	74),
(71,	53,	19),
(73,	53,	55),
(72,	53,	75),
(74,	54,	2),
(76,	54,	7),
(77,	54,	11),
(78,	54,	18),
(80,	54,	22),
(75,	54,	34),
(79,	54,	51),
(81,	55,	1),
(82,	55,	2),
(83,	55,	3),
(85,	55,	6),
(86,	55,	11),
(91,	55,	17),
(92,	55,	24),
(93,	55,	25),
(94,	55,	26),
(95,	55,	31),
(84,	55,	34),
(87,	55,	77),
(88,	55,	78),
(89,	55,	79),
(90,	55,	80),
(99,	56,	29),
(98,	56,	51),
(96,	56,	81),
(97,	56,	82);

INSERT INTO `rotations` (`id`, `anterior_id`, `posterior_id`, `actual_id`) VALUES
(3,	5,	3,	2),
(4,	3,	4,	1),
(5,	2,	1,	3),
(6,	1,	6,	4),
(7,	4,	7,	6),
(8,	6,	8,	7),
(9,	7,	9,	8),
(10,	8,	5,	9);